                  epoch,         train/box_loss,        train/pose_loss,        train/kobj_loss,         train/cls_loss,         train/dfl_loss,   metrics/precision(B),      metrics/recall(B),       metrics/mAP50(B),    metrics/mAP50-95(B),   metrics/precision(P),      metrics/recall(P),       metrics/mAP50(P),    metrics/mAP50-95(P),           val/box_loss,          val/pose_loss,          val/kobj_loss,           val/cls_loss,           val/dfl_loss,                 lr/pg0,                 lr/pg1,                 lr/pg2
                      1,                 1.8563,                 2.6733,                0.66061,                  2.551,                 1.6899,                0.43048,                0.56757,                0.41078,                0.20034,                0.40938,                0.56757,                 0.4746,                0.25937,                 1.9508,                 2.8574,                0.59895,                 2.5134,                 1.8245,             0.00065306,             0.00065306,             0.00065306
                      2,                 1.7306,                 1.5841,                0.61824,                  1.792,                 1.5149,                0.51524,                0.51351,                0.48894,                0.26686,                0.64322,                    0.5,                0.58675,                0.41084,                  2.055,                 2.0031,                0.46878,                 1.8309,                 2.0422,               0.001311,               0.001311,               0.001311
                      3,                 1.8103,                 1.3314,                  0.563,                 1.7218,                 1.5312,                0.32617,                0.28378,                0.22736,                0.09108,                0.28935,                0.54054,                0.31801,                0.18073,                 2.4693,                 2.3524,                0.39408,                 2.3863,                 2.1734,              0.0019602,              0.0019602,              0.0019602
                      4,                 1.8044,                 1.1747,                0.52172,                 1.7647,                 1.5401,                0.67131,                0.43243,                0.49047,                0.26692,                0.73512,                0.48758,                  0.578,                0.42063,                  1.684,                 1.8068,                0.19416,                 3.0741,                 1.5795,              0.0019604,              0.0019604,              0.0019604
                      5,                 1.7193,                0.99218,                0.49687,                 1.5895,                 1.4458,                0.49449,                0.52703,                0.56337,                0.29569,                0.53995,                0.58108,                0.62193,                0.47951,                 1.8116,                 1.5857,                0.20479,                 1.7076,                 1.6069,              0.0019472,              0.0019472,              0.0019472
                      6,                 1.6637,                0.92938,                0.49254,                 1.5214,                 1.4398,                0.68788,                 0.5659,                  0.663,                0.33412,                0.68725,                0.62162,                0.68882,                0.58367,                 1.7342,                 1.4181,                 0.1976,                 1.9484,                 1.6105,               0.001934,               0.001934,               0.001934
                      7,                 1.6384,                 0.8097,                0.48926,                  1.456,                 1.3869,                0.74607,                0.55588,                0.62035,                0.34459,                0.78218,                0.58234,                0.72071,                 0.6041,                 1.5757,                 1.3648,                0.24257,                 1.8592,                 1.4752,              0.0019208,              0.0019208,              0.0019208
                      8,                 1.5247,                0.70136,                0.47526,                 1.3757,                 1.3498,                0.89252,                0.62162,                0.74639,                0.47487,                0.87849,                0.64865,                0.76561,                0.69535,                 1.4199,                 1.0381,                0.15926,                 1.5881,                 1.3138,              0.0019076,              0.0019076,              0.0019076
                      9,                 1.5749,                0.84695,                0.47808,                 1.4466,                 1.3763,                0.86212,                0.62162,                0.77594,                0.46781,                0.88063,                0.67568,                0.84957,                0.72864,                 1.4626,                 1.0568,                0.17998,                 1.2212,                 1.3569,              0.0018944,              0.0018944,              0.0018944
                     10,                 1.4601,                0.73619,                0.45426,                 1.2867,                 1.3054,                0.79329,                0.68919,                0.78412,                0.48459,                0.78472,                0.73891,                0.84173,                0.76589,                 1.3715,                0.89226,                0.17492,                 1.4372,                 1.3505,              0.0018812,              0.0018812,              0.0018812
                     11,                 1.4245,                0.63687,                0.46587,                 1.2566,                 1.2825,                0.87681,                0.76947,                0.87363,                0.55948,                0.90217,                 0.7973,                 0.9075,                0.83149,                 1.3898,                0.88523,                0.24053,                 1.0929,                 1.3299,               0.001868,               0.001868,               0.001868
                     12,                 1.4319,                0.67358,                0.43256,                 1.2406,                 1.2955,                0.84394,                0.67568,                0.80985,                 0.4923,                0.88563,                0.71622,                0.88798,                 0.8213,                 1.4993,                0.62358,                0.19962,                  1.117,                 1.4087,              0.0018548,              0.0018548,              0.0018548
                     13,                 1.3601,                  0.699,                0.43129,                 1.2109,                 1.2587,                0.74346,                 0.7973,                0.78318,                0.48725,                0.79062,                0.85135,                0.87192,                0.79803,                 1.3492,                 0.6964,                0.12887,                 1.1682,                 1.3843,              0.0018416,              0.0018416,              0.0018416
                     14,                  1.354,                0.59553,                0.42497,                 1.1525,                 1.2704,                 0.7428,                0.78059,                0.79284,                0.48237,                 0.8142,                0.85135,                0.87738,                0.80593,                 1.4464,                0.93629,                0.18114,                 1.1775,                 1.2892,              0.0018284,              0.0018284,              0.0018284
                     15,                 1.3099,                0.59585,                0.39764,                 1.1372,                  1.232,                0.87612,                0.78378,                0.87468,                0.56766,                0.84812,                0.77027,                 0.8859,                0.84167,                 1.2825,                0.82844,                0.12932,                0.99922,                 1.2549,              0.0018152,              0.0018152,              0.0018152
                     16,                 1.2945,                0.61134,                0.39894,                 1.1118,                 1.2293,                0.83325,                0.82432,                0.87515,                0.55998,                0.83397,                0.86486,                0.89996,                 0.8553,                 1.3232,                0.51339,                0.12144,                0.98662,                 1.2735,               0.001802,               0.001802,               0.001802
                     17,                 1.2791,                0.52505,                0.38624,                 1.0741,                 1.2082,                 0.7854,                0.79136,                0.84074,                0.50341,                0.81155,                0.82432,                0.88926,                0.81677,                 1.3513,                0.88727,                0.16933,                0.96219,                 1.2665,              0.0017888,              0.0017888,              0.0017888
                     18,                 1.3172,                  0.522,                0.37735,                 1.1288,                  1.231,                0.83213,                0.83784,                0.87334,                0.57058,                0.87089,                0.87838,                0.93578,                0.88319,                 1.2954,                0.64911,                0.09204,                0.91225,                 1.2285,              0.0017756,              0.0017756,              0.0017756
                     19,                 1.2976,                0.48843,                  0.395,                 1.0981,                 1.2207,                0.78903,                 0.7973,                0.85358,                0.54195,                0.85117,                0.77289,                0.87214,                 0.8264,                 1.3521,                0.80738,                0.15818,                 1.2484,                 1.2894,              0.0017624,              0.0017624,              0.0017624
                     20,                 1.2689,                0.50831,                0.36807,                 1.1078,                 1.2157,                0.89345,                0.79321,                0.89851,                0.62572,                0.90656,                 0.7973,                 0.9194,                0.86561,                  1.227,                0.57408,                0.18712,                 0.9106,                 1.1929,              0.0017492,              0.0017492,              0.0017492
                     21,                 1.2011,                 0.4389,                0.32906,                 1.0353,                 1.1716,                0.92344,                0.81501,                0.91075,                0.61578,                0.91011,                  0.821,                0.91909,                0.87104,                  1.204,                0.66943,                0.19243,                0.94595,                 1.1719,               0.001736,               0.001736,               0.001736
                     22,                 1.1882,                0.42918,                0.33212,                0.99376,                 1.1702,                0.86023,                0.83174,                0.90813,                0.62862,                0.86857,                0.89304,                0.94356,                0.89973,                  1.173,                0.63189,                0.17372,                  0.817,                 1.1419,              0.0017228,              0.0017228,              0.0017228
                     23,                 1.2004,                0.42741,                0.31948,                   1.01,                 1.1828,                0.80964,                0.77027,                0.84578,                0.57076,                0.87448,                0.77027,                0.90009,                 0.8355,                 1.3086,                0.85903,                0.09171,                0.90617,                 1.3181,              0.0017096,              0.0017096,              0.0017096
                     24,                 1.1978,                0.50247,                 0.3189,                 1.0464,                 1.1876,                0.92315,                0.81163,                0.92934,                0.61868,                0.88244,                0.83784,                0.92095,                0.88298,                 1.2533,                0.79218,                 0.0873,                0.89073,                 1.2276,              0.0016964,              0.0016964,              0.0016964
                     25,                 1.1189,                0.41254,                0.27503,                0.94976,                  1.128,                0.96381,                0.83784,                0.91933,                0.61535,                0.96381,                0.83784,                0.93863,                0.90376,                 1.3164,                0.61902,                0.15091,                0.87494,                 1.2789,              0.0016832,              0.0016832,              0.0016832
                     26,                 1.1411,                0.38129,                0.26388,                0.93487,                 1.1459,                0.86195,                0.84377,                0.89074,                0.59672,                0.84312,                0.87157,                0.91216,                0.87257,                 1.1904,                0.83181,                 0.1365,                0.92785,                 1.2185,                0.00167,                0.00167,                0.00167
                     27,                 1.1737,                0.39637,                0.27518,                0.95783,                 1.1707,                  0.923,                 0.8099,                0.90817,                0.62482,                  0.923,                 0.8099,                0.92664,                0.87803,                 1.2146,                0.86084,                0.16584,                 0.8894,                 1.1466,              0.0016568,              0.0016568,              0.0016568
                     28,                 1.1254,                0.43201,                0.28009,                 0.9542,                 1.1469,                0.83985,                0.85041,                0.89243,                0.60558,                0.83985,                0.85041,                0.92857,                0.86736,                 1.1364,                0.58159,                0.07331,                0.82359,                 1.1955,              0.0016436,              0.0016436,              0.0016436
                     29,                 1.1191,                0.43901,                0.23831,                0.94186,                 1.1433,                0.93162,                0.75676,                0.86077,                0.63082,                0.87264,                 0.7973,                0.89054,                0.83264,                 1.1377,                0.65589,                0.10472,                 1.1342,                 1.1632,              0.0016304,              0.0016304,              0.0016304
                     30,                 1.0859,                0.36808,                0.22044,                0.90416,                 1.1161,                0.87463,                0.84848,                0.90207,                0.61522,                0.88851,                0.86159,                0.91466,                0.87742,                 1.1722,                0.84332,                0.09958,                0.82147,                 1.2028,              0.0016172,              0.0016172,              0.0016172
                     31,                 1.0741,                0.39765,                   0.23,                 0.9027,                 1.1105,                0.92465,                0.82917,                0.92826,                0.64179,                0.92448,                 0.8272,                0.92594,                0.89807,                 1.2182,                0.69805,                0.11379,                0.80163,                 1.1828,               0.001604,               0.001604,               0.001604
                     32,                 1.0823,                0.32986,                0.19874,                0.90238,                 1.1145,                0.86529,                0.85135,                0.90831,                0.61846,                0.88661,                0.86486,                0.91317,                0.88447,                 1.2827,                0.74341,                0.18126,                0.82014,                 1.2136,              0.0015908,              0.0015908,              0.0015908
                     33,                 1.0597,                0.37361,                0.21679,                0.89151,                 1.1084,                0.94041,                0.86486,                 0.9471,                0.63415,                0.89861,                0.83839,                0.92259,                0.88592,                 1.1416,                0.87492,                0.09001,                0.75843,                 1.1777,              0.0015776,              0.0015776,              0.0015776
                     34,                 1.0704,                0.39162,                0.20166,                0.87459,                 1.1173,                 0.8761,                0.86001,                0.90249,                0.61746,                0.87814,                0.87648,                0.91072,                0.86675,                 1.1935,                0.89692,                 0.0982,                 0.7665,                 1.1553,              0.0015644,              0.0015644,              0.0015644
                     35,                  1.087,                0.42912,                0.20449,                0.90838,                 1.1247,                0.91679,                0.86486,                0.92303,                0.64251,                0.94338,                0.90065,                0.95331,                0.90876,                 1.1301,                0.67724,                0.05903,                0.77431,                 1.1661,              0.0015512,              0.0015512,              0.0015512
                     36,                 1.0379,                0.32907,                0.18893,                0.84045,                 1.1033,                0.86229,                0.87838,                0.89935,                0.61606,                0.84302,                0.87086,                0.90124,                0.85975,                 1.1051,                0.66463,                0.08503,                0.78157,                 1.1153,               0.001538,               0.001538,               0.001538
                     37,                 1.0482,                0.35762,                0.18889,                0.84073,                 1.0966,                0.98333,                0.79729,                 0.9141,                0.62392,                0.98333,                0.79729,                0.93597,                0.91249,                 1.2113,                0.47161,                0.07128,                0.82095,                 1.1936,              0.0015248,              0.0015248,              0.0015248
                     38,                 1.0293,                0.35293,                0.18962,                0.87281,                 1.1134,                0.93964,                0.84152,                0.92831,                0.62336,                0.93964,                0.84152,                0.94012,                0.89534,                 1.1305,                0.45156,                0.07474,                0.78816,                  1.188,              0.0015116,              0.0015116,              0.0015116
                     39,                 1.0569,                0.36948,                0.19448,                0.87274,                 1.1099,                 0.9286,                0.90541,                0.93748,                0.62943,                 0.9286,                0.90541,                0.93939,                0.90043,                 1.1203,                0.71547,                0.17486,                0.77711,                 1.1103,              0.0014984,              0.0014984,              0.0014984
                     40,                 1.0107,                0.32756,                0.17835,                0.84297,                 1.0928,                0.88839,                0.86059,                0.92165,                 0.6393,                 0.9457,                0.82432,                0.91934,                0.87364,                 1.1049,                0.84262,                0.07056,                0.74534,                 1.1275,              0.0014852,              0.0014852,              0.0014852
                     41,                0.99777,                0.35984,                0.18019,                0.84746,                 1.0914,                0.94217,                0.88067,                0.96511,                0.69096,                0.94222,                0.85135,                0.96033,                0.92111,                 1.0309,                0.73558,                0.10795,                0.64038,                 1.0665,               0.001472,               0.001472,               0.001472
                     42,                0.99916,                0.30608,                0.18893,                0.82527,                 1.0917,                0.83385,                0.87838,                0.90576,                 0.6805,                0.90066,                0.85764,                0.93376,                0.89536,                  1.029,                0.79254,                0.07749,                 0.7554,                 1.1132,              0.0014588,              0.0014588,              0.0014588
                     43,                0.96641,                0.30095,                0.16211,                0.80443,                 1.0609,                0.88872,                0.82432,                0.91354,                0.66276,                0.91874,                0.85135,                0.93734,                0.90377,                 1.1229,                0.65462,                0.07886,                0.78236,                 1.1464,              0.0014456,              0.0014456,              0.0014456
                     44,                0.97274,                0.29512,                0.17022,                0.80085,                 1.0875,                0.90174,                0.86486,                 0.9395,                0.67814,                0.88765,                0.85135,                0.92441,                0.90406,                 1.0396,                0.61703,                0.05671,                0.68366,                 1.1209,              0.0014324,              0.0014324,              0.0014324
                     45,                 0.9558,                0.27571,                0.15304,                0.80093,                   1.07,                0.91486,                0.87127,                0.92509,                0.67529,                0.93978,                0.91892,                0.96032,                0.92329,                 1.0419,                0.53238,                0.07797,                0.69146,                 1.0952,              0.0014192,              0.0014192,              0.0014192
                     46,                0.95086,                0.28974,                 0.1615,                0.75896,                 1.0506,                0.88339,                0.85135,                0.88654,                  0.659,                0.92817,                0.87317,                0.92577,                0.89621,                 1.1405,                0.68441,                0.12129,                0.76426,                 1.1348,               0.001406,               0.001406,               0.001406
                     47,                0.96619,                0.33862,                0.18352,                0.80549,                  1.076,                0.90392,                0.85135,                0.92432,                0.66407,                0.93343,                0.87838,                0.95465,                0.91202,                 1.0829,                0.54332,                 0.0602,                0.72974,                 1.1247,              0.0013928,              0.0013928,              0.0013928
                     48,                0.97484,                0.36053,                0.17027,                 0.7621,                 1.0572,                0.95553,                0.87122,                0.95368,                0.67505,                0.94075,                0.85833,                0.93097,                0.89608,                 1.1181,                0.72324,                0.08665,                0.73293,                  1.105,              0.0013796,              0.0013796,              0.0013796
                     49,                 0.9593,                0.25172,                0.14372,                0.80541,                 1.0633,                0.96835,                0.87838,                0.94329,                0.69409,                0.95444,                0.84923,                0.94131,                0.91425,                0.97822,                0.64834,                0.04675,                0.66102,                 1.0541,              0.0013664,              0.0013664,              0.0013664
                     50,                 0.9477,                0.31494,                0.15003,                0.80624,                 1.0763,                0.92756,                0.86518,                0.94239,                0.69976,                0.92208,                0.89189,                0.95585,                0.92416,                 1.0402,                0.71086,                0.09453,                0.69265,                 1.0768,              0.0013532,              0.0013532,              0.0013532
                     51,                0.92657,                0.26664,                0.12963,                0.77658,                 1.0567,                0.91124,                0.77027,                0.90137,                0.65012,                0.90257,                0.87637,                0.92637,                0.88631,                 1.0851,                0.77335,                0.04069,                0.72627,                 1.1002,                0.00134,                0.00134,                0.00134
                     52,                0.91608,                0.29232,                0.15809,                0.77827,                 1.0539,                0.88533,                0.89189,                 0.9259,                 0.6653,                0.92587,                0.89189,                0.95134,                0.92331,                 1.0538,                0.61676,                 0.1236,                0.65743,                 1.1325,              0.0013268,              0.0013268,              0.0013268
                     53,                 0.9374,                0.26552,                0.13508,                0.75826,                 1.0503,                0.83492,                0.87838,                0.91522,                0.64967,                0.81667,                0.90297,                0.92894,                0.89115,                 1.0269,                0.66603,                0.07572,                0.71499,                 1.1147,              0.0013136,              0.0013136,              0.0013136
                     54,                 0.9073,                0.31545,                0.15257,                0.72944,                 1.0527,                0.93272,                0.87838,                0.94965,                0.66991,                0.93634,                0.86486,                0.94233,                0.90561,                 1.0404,                0.63214,                0.10849,                0.65771,                 1.0658,              0.0013004,              0.0013004,              0.0013004
                     55,                 0.9246,                0.25638,                0.13884,                0.74463,                 1.0573,                0.91454,                 0.8677,                0.93386,                0.67359,                 0.9286,                 0.8787,                0.94889,                0.92261,                 1.0086,                 0.4445,                0.07944,                0.66975,                 1.0997,              0.0012872,              0.0012872,              0.0012872
                     56,                0.86697,                0.25116,                0.12007,                 0.7234,                  1.023,                0.93342,                0.87838,                0.92491,                0.68285,                0.97517,                0.90541,                0.96383,                0.93193,                 1.0211,                0.41763,                0.07934,                0.61744,                 1.1023,               0.001274,               0.001274,               0.001274
                     57,                0.88403,                0.29595,                 0.1394,                0.73671,                 1.0359,                0.97297,                0.85135,                0.95181,                0.69241,                0.98865,                0.86486,                 0.9688,                0.93697,                0.99545,                0.37305,                0.09226,                0.66621,                  1.086,              0.0012608,              0.0012608,              0.0012608
                     58,                0.88569,                 0.2622,                0.13144,                0.72191,                  1.042,                0.86118,                0.92221,                0.95789,                0.67864,                 0.9628,                0.83784,                0.95476,                0.93277,                   1.02,                0.53987,                0.08971,                0.68728,                 1.0589,              0.0012476,              0.0012476,              0.0012476
                     59,                0.89712,                0.31327,                0.14016,                0.74757,                 1.0467,                 0.8938,                0.89189,                0.93004,                 0.6751,                 0.9081,                0.90541,                0.94353,                0.90776,                 1.0303,                0.70486,                0.08988,                0.63518,                 1.1156,              0.0012344,              0.0012344,              0.0012344
                     60,                0.87146,                0.26815,                0.13522,                0.73712,                 1.0449,                0.92297,                0.87838,                0.93159,                0.69317,                0.90289,                0.93243,                0.96059,                0.91287,                0.99381,                0.58803,                0.10674,                0.62591,                 1.0982,              0.0012212,              0.0012212,              0.0012212
                     61,                 0.8878,                0.32188,                0.13062,                0.72777,                 1.0395,                0.90673,                 0.9196,                0.95564,                0.69324,                0.97271,                0.85135,                0.95811,                0.88567,                 1.0409,                0.64135,                0.08149,                0.65127,                 1.0828,               0.001208,               0.001208,               0.001208
                     62,                0.85338,                0.25375,                0.14281,                0.71157,                 1.0231,                0.90437,                0.90541,                0.92843,                 0.6841,                0.93713,                0.93243,                0.95202,                0.92346,                 1.0372,                0.67622,                0.03532,                0.59212,                 1.1048,              0.0011948,              0.0011948,              0.0011948
                     63,                0.86573,                0.24652,                0.11915,                0.72936,                  1.026,                 0.9124,                0.91892,                 0.9621,                0.69754,                0.89899,                0.90541,                0.95037,                0.91831,                 1.0131,                0.69421,                0.06231,                0.61211,                 1.0889,              0.0011816,              0.0011816,              0.0011816
                     64,                0.86258,                0.22576,                0.13009,                0.73716,                 1.0321,                0.91338,                0.90541,                0.92705,                0.69647,                0.94131,                0.93243,                0.95853,                 0.9324,                 1.0248,                0.69045,                0.06769,                0.59569,                 1.1101,              0.0011684,              0.0011684,              0.0011684
                     65,                0.82746,                0.24577,                0.13168,                0.68556,                 1.0193,                0.94276,                0.89031,                0.94684,                0.68989,                0.95131,                0.89189,                0.95193,                0.88467,                 1.0025,                0.71728,                 0.0389,                0.67061,                  1.055,              0.0011552,              0.0011552,              0.0011552
                     66,                0.85719,                0.25526,                0.11777,                0.70447,                  1.036,                0.89178,                0.91892,                0.93956,                0.66609,                0.89178,                0.91892,                0.94593,                0.91161,                 1.0317,                0.70541,                0.05053,                0.66285,                 1.1237,               0.001142,               0.001142,               0.001142
                     67,                0.81077,                0.22387,                0.10964,                0.70003,                 0.9982,                0.92755,                0.85135,                0.91706,                0.68843,                 0.9463,                0.82432,                0.92884,                0.86867,                0.96846,                0.72545,                0.07492,                0.67759,                 1.0451,              0.0011288,              0.0011288,              0.0011288
                     68,                0.83281,                0.21572,                0.13479,                0.69792,                 1.0193,                0.88207,                0.89189,                0.93215,                0.64565,                0.87186,                0.91945,                0.94681,                0.90046,                 1.0751,                 0.5749,                0.07213,                0.67668,                 1.1145,              0.0011156,              0.0011156,              0.0011156
                     69,                0.80911,                0.24194,                0.12452,                0.68322,                 1.0056,                0.87623,                0.87838,                0.92022,                0.67452,                0.88499,                0.89189,                0.92868,                0.85653,                0.98518,                0.63436,                0.06244,                0.63308,                 1.1148,              0.0011024,              0.0011024,              0.0011024
                     70,                 0.8296,                0.26079,                0.10477,                0.69085,                 1.0131,                0.93668,                0.90541,                0.96991,                0.71708,                0.95066,                0.91892,                0.97731,                0.93163,                0.98763,                0.45252,                 0.0594,                0.61573,                 1.0534,              0.0010892,              0.0010892,              0.0010892
                     71,                0.83004,                0.24071,                0.12275,                0.71354,                 1.0161,                0.95804,                0.92558,                0.96799,                0.67566,                0.95804,                0.92558,                 0.9751,                0.91194,                 1.0272,                0.55175,                0.06545,                0.61101,                    1.1,               0.001076,               0.001076,               0.001076
                     72,                 0.8433,                0.24816,                0.12311,                0.70935,                 1.0276,                0.93738,                0.90541,                0.96237,                0.71467,                0.92445,                0.89189,                0.92636,                0.85843,                  1.015,                0.70707,                0.01957,                0.63483,                 1.0815,              0.0010628,              0.0010628,              0.0010628
                     73,                0.80975,                0.24975,                0.12366,                0.67468,                  1.011,                0.92258,                0.91892,                0.96519,                0.71081,                0.93156,                0.87838,                0.95129,                0.89654,                0.99578,                0.68264,                0.04924,                0.61623,                 1.0833,              0.0010496,              0.0010496,              0.0010496
                     74,                0.81326,                0.24019,                 0.1126,                0.69784,                 1.0125,                0.91581,                0.88204,                0.96175,                0.69634,                0.91581,                0.88204,                0.95238,                0.89418,                0.97927,                0.75268,                0.05012,                0.62887,                  1.035,              0.0010364,              0.0010364,              0.0010364
                     75,                0.81578,                0.22424,                0.10144,                0.67176,                 1.0245,                0.94624,                0.90541,                0.95302,                0.68074,                0.96053,                0.90541,                 0.9638,                0.90119,                 1.0137,                 0.7867,                0.04774,                0.61142,                 1.0882,              0.0010232,              0.0010232,              0.0010232
                     76,                0.81792,                0.23023,                0.11516,                0.66984,                 1.0191,                0.89444,                0.95946,                 0.9742,                0.71271,                0.92854,                0.93243,                0.96204,                0.92662,                0.98967,                0.70188,                0.02193,                0.56952,                  1.047,                0.00101,                0.00101,                0.00101
                     77,                0.80709,                0.22941,                0.11733,                0.68699,                 1.0082,                0.90405,                0.93243,                0.97138,                0.69792,                0.97019,                0.89189,                0.97187,                0.94945,                  0.964,                0.56832,                0.06168,                0.61569,                 1.0402,              0.0009968,              0.0009968,              0.0009968
                     78,                0.78738,                0.15167,                0.11174,                0.64242,                0.99343,                0.90546,                0.86486,                0.93047,                0.68771,                0.94375,                0.86486,                0.95485,                0.93417,                0.99561,                0.74264,                0.03499,                0.62464,                 1.0453,              0.0009836,              0.0009836,              0.0009836
                     79,                0.77919,                0.17562,                0.08221,                0.63121,                0.99652,                0.94511,                0.93069,                0.97377,                 0.7296,                0.91766,                0.90366,                0.93533,                0.90839,                0.94804,                0.84545,                0.08192,                 0.5758,                0.99935,              0.0009704,              0.0009704,              0.0009704
                     80,                0.76164,                0.18883,                 0.1088,                0.64674,                0.98578,                0.90467,                0.89772,                0.93588,                0.67633,                0.89538,                0.87838,                0.90671,                0.84404,                0.99786,                0.95271,                 0.0661,                0.60654,                 1.0486,              0.0009572,              0.0009572,              0.0009572
                     81,                0.76535,                0.19064,                0.11127,                0.62377,                0.98688,                 0.9041,                0.90541,                0.94387,                 0.6829,                0.90462,                0.91892,                0.93713,                0.90991,                  1.008,                0.67777,                0.09213,                0.64982,                 1.0237,               0.000944,               0.000944,               0.000944
                     82,                 0.7645,                0.23688,                0.11257,                0.63598,                 1.0024,                0.95751,                0.91363,                0.94983,                0.71723,                0.93313,                0.87838,                0.92347,                0.86784,                 0.9462,                 0.8892,                 0.0737,                0.60812,                 1.0221,              0.0009308,              0.0009308,              0.0009308
                     83,                0.74547,                0.22897,                0.11313,                0.63532,                0.99263,                0.96129,                0.93243,                0.94901,                0.71398,                0.93515,                0.90541,                0.95366,                0.91237,                0.94735,                0.74127,                0.04058,                0.57081,                 1.0363,              0.0009176,              0.0009176,              0.0009176
                     84,                0.77004,                0.20259,                0.10082,                0.64611,                 1.0009,                0.90115,                0.90541,                0.93787,                0.69745,                0.97053,                0.88995,                0.95027,                0.89848,                0.95731,                0.73272,                0.05209,                0.62471,                 1.0715,              0.0009044,              0.0009044,              0.0009044
                     85,                0.75247,                0.17263,                0.10679,                0.62988,                0.98395,                0.96127,                0.93243,                0.97002,                0.71696,                0.94734,                0.91892,                0.95813,                0.92236,                 1.0089,                0.77035,                0.07734,                0.58331,                 1.0984,              0.0008912,              0.0008912,              0.0008912
                     86,                 0.7624,                0.18242,                0.11696,                0.63911,                0.99716,                0.95308,                0.89189,                0.94609,                0.70855,                0.95308,                0.89189,                0.93183,                0.86295,                0.98969,                0.85734,                0.10482,                0.61652,                  1.083,               0.000878,               0.000878,               0.000878
                     87,                0.72003,                0.12273,                0.09625,                0.60904,                0.97266,                0.90414,                0.94595,                0.96159,                0.71079,                0.89099,                0.93243,                0.95218,                0.93157,                 1.0126,                0.64944,                0.06991,                0.59828,                 1.1178,              0.0008648,              0.0008648,              0.0008648
                     88,                 0.7635,                0.16607,                0.10621,                0.62346,                 0.9913,                0.94307,                0.93243,                0.97037,                0.71825,                0.91547,                0.87812,                0.90935,                0.86093,                 1.0153,                 1.0134,                0.09537,                0.58998,                 1.1343,              0.0008516,              0.0008516,              0.0008516
                     89,                0.77282,                0.14849,                0.09014,                0.64748,                0.99247,                0.90751,                0.92815,                0.95663,                0.72671,                0.96594,                0.89189,                0.95798,                0.93508,                0.93599,                0.74527,                0.05931,                0.59849,                 1.0428,              0.0008384,              0.0008384,              0.0008384
                     90,                0.75216,                0.16024,                0.08803,                0.63778,                0.98977,                0.97039,                0.88567,                0.94991,                0.70312,                0.94934,                0.86486,                 0.9244,                0.88094,                0.97856,                0.88059,                0.05572,                0.61782,                 1.0453,              0.0008252,              0.0008252,              0.0008252
                     91,                0.72995,                0.17637,                0.09367,                0.63213,                 0.9789,                0.94363,                0.90484,                0.94952,                0.71522,                0.94923,                0.86486,                0.93684,                0.90124,                0.95454,                0.77028,                0.08813,                0.57258,                 1.0566,               0.000812,               0.000812,               0.000812
                     92,                0.72244,                0.16444,                0.09305,                 0.6194,                0.98573,                0.92989,                0.90541,                0.94558,                0.69727,                0.96996,                0.87266,                0.96538,                0.93593,                 1.0162,                0.67984,                0.03479,                0.55363,                 1.0696,              0.0007988,              0.0007988,              0.0007988
                     93,                0.76261,                0.17501,                0.10232,                0.63051,                0.99379,                0.93275,                0.91892,                0.94483,                0.70204,                0.95814,                0.92794,                0.96704,                 0.8833,                 1.0118,                  0.742,                0.05224,                0.56612,                 1.1277,              0.0007856,              0.0007856,              0.0007856
                     94,                0.70318,                0.13674,                0.09908,                0.59486,                0.97402,                0.89479,                0.93243,                0.95299,                0.73448,                0.93614,                0.89189,                 0.9472,                0.91671,                0.94444,                0.70363,                0.05571,                0.57303,                 1.0629,              0.0007724,              0.0007724,              0.0007724
                     95,                0.72742,                 0.1357,                0.08522,                 0.6073,                0.99051,                0.95887,                0.94511,                0.97577,                0.73439,                0.94516,                0.93171,                0.97963,                0.92559,                0.96578,                0.55643,                  0.077,                0.59636,                 1.0555,              0.0007592,              0.0007592,              0.0007592
                     96,                0.71554,                 0.1273,                0.09699,                 0.5806,                0.97496,                0.92955,                0.89146,                0.95922,                0.70346,                0.97137,                0.87838,                0.96971,                 0.9202,                0.93664,                0.57542,                0.06063,                0.65668,                 1.0407,               0.000746,               0.000746,               0.000746
                     97,                0.70364,                0.11935,                 0.0863,                0.59044,                0.96595,                0.95614,                0.88385,                0.94497,                0.71212,                0.93309,                0.94231,                0.96966,                0.92245,                0.99366,                0.73376,                0.06932,                0.56553,                 1.0757,              0.0007328,              0.0007328,              0.0007328
                     98,                0.72327,                0.14821,                0.08471,                0.61017,                0.98785,                 0.9133,                0.85412,                0.91693,                0.69363,                0.95635,                0.88836,                0.93834,                0.89055,                 0.9513,                0.88553,                0.06286,                0.60665,                 1.0448,              0.0007196,              0.0007196,              0.0007196
                     99,                0.71643,                0.15634,                0.09803,                0.61355,                 0.9845,                0.96591,                0.90541,                0.96375,                0.69456,                0.94262,                0.88801,                0.93803,                0.89913,                 1.0527,                0.91004,                0.05678,                0.61222,                 1.1018,              0.0007064,              0.0007064,              0.0007064
                    100,                0.68016,                0.12567,                0.07191,                0.59272,                0.96343,                0.98504,                0.88957,                0.96166,                0.72071,                0.98505,                 0.8906,                0.95722,                0.92812,                0.94041,                0.79559,                0.06623,                0.62164,                 1.0457,              0.0006932,              0.0006932,              0.0006932
                    101,                0.67788,                0.12055,                0.08437,                 0.5822,                0.96348,                0.87016,                0.95946,                0.95245,                0.73185,                 0.9423,                0.88273,                0.94984,                0.89329,                0.90138,                0.69673,                0.09387,                0.59102,                 1.0412,                0.00068,                0.00068,                0.00068
                    102,                0.69041,                 0.1301,                0.07804,                0.59334,                0.98341,                0.90626,                0.91454,                0.93804,                0.72358,                0.93301,                0.94107,                0.97718,                0.93817,                0.91295,                0.49093,                0.06244,                 0.5877,                 1.0601,              0.0006668,              0.0006668,              0.0006668
                    103,                0.69522,                0.13179,                0.09743,                0.59426,                 0.9823,                0.94206,                0.90541,                0.94672,                 0.7231,                 0.9398,                0.90541,                0.95819,                0.93024,                0.92736,                0.81377,                0.12709,                0.56909,                 1.0958,              0.0006536,              0.0006536,              0.0006536
                    104,                0.69457,                0.12692,                0.08809,                0.59259,                0.96908,                0.91902,                0.94595,                0.97522,                0.72716,                0.97092,                0.90243,                0.96811,                0.92488,                0.94813,                0.70717,                0.11138,                0.58271,                 1.1108,              0.0006404,              0.0006404,              0.0006404
                    105,                 0.6662,                0.16097,                0.08481,                0.57995,                0.95647,                0.98388,                0.90541,                0.96507,                0.71288,                0.89368,                0.90871,                0.94578,                0.91812,                0.95529,                0.78347,                 0.1071,                0.57156,                 1.0689,              0.0006272,              0.0006272,              0.0006272
                    106,                0.67716,                0.14056,                0.09208,                0.55551,                0.97188,                0.93916,                0.89189,                0.95984,                0.72944,                 0.9176,                0.91892,                0.95846,                0.93689,                0.97389,                0.60758,                0.05794,                0.58067,                 1.0546,               0.000614,               0.000614,               0.000614
                    107,                0.66269,                0.12325,                0.07703,                0.54566,                0.94937,                0.95123,                0.89189,                0.96551,                0.73534,                0.93926,                0.91892,                0.95981,                0.93346,                0.94152,                0.69475,                0.11108,                0.56503,                 1.0329,              0.0006008,              0.0006008,              0.0006008
                    108,                0.67102,                0.13669,                0.08641,                0.55686,                0.96187,                0.97037,                0.88507,                0.95742,                0.71111,                0.97954,                0.89189,                0.96337,                0.93364,                0.96621,                0.63631,                0.08533,                0.59704,                 1.0847,              0.0005876,              0.0005876,              0.0005876
                    109,                0.67315,                0.10537,                0.09166,                0.56154,                0.95718,                0.93748,                0.87838,                0.95643,                0.70633,                0.97178,                0.93089,                0.97782,                0.94534,                0.99034,                0.46242,                0.04427,                0.56291,                 1.0736,              0.0005744,              0.0005744,              0.0005744
                    110,                0.65287,                0.10689,                0.07714,                0.55101,                0.95319,                0.92138,                0.91892,                 0.9674,                  0.717,                0.92888,                0.88259,                0.93634,                0.91592,                0.93098,                0.69059,                0.08916,                 0.5599,                 1.0429,              0.0005612,              0.0005612,              0.0005612
                    111,                0.65967,                0.12086,                0.07472,                0.55793,                0.96954,                0.91098,                0.91892,                0.95498,                0.71802,                0.92248,                0.86486,                0.89715,                0.87002,                0.94125,                0.77132,                0.07581,                0.55152,                 1.0473,               0.000548,               0.000548,               0.000548
                    112,                0.65022,                0.11197,                0.07922,                 0.5571,                0.95724,                 0.9441,                0.91297,                0.96723,                0.72963,                 0.9503,                0.91892,                0.94929,                 0.9311,                0.86816,                0.67334,                0.07675,                0.57985,                 1.0256,              0.0005348,              0.0005348,              0.0005348
                    113,                0.64561,                0.10952,                0.07684,                0.55158,                0.95715,                0.91057,                0.89189,                0.96164,                0.75585,                0.91716,                 0.8977,                0.95895,                0.93721,                0.87165,                0.76212,                0.08763,                0.53617,                 1.0147,              0.0005216,              0.0005216,              0.0005216
                    114,                0.64421,                0.11245,                0.09034,                0.54119,                0.95009,                0.86863,                0.91892,                0.93498,                0.73474,                0.96487,                0.90541,                0.96267,                0.93982,                0.92979,                0.81024,                 0.0885,                0.57797,                 1.0574,              0.0005084,              0.0005084,              0.0005084
                    115,                0.64764,                  0.103,                0.09144,                0.54604,                0.95438,                0.92859,                0.89189,                0.95694,                0.73425,                0.95437,                0.91892,                0.95253,                 0.9304,                0.90912,                0.79627,                0.08481,                0.54505,                 1.0441,              0.0004952,              0.0004952,              0.0004952
                    116,                0.63342,                0.08916,                0.07712,                0.53743,                 0.9477,                0.94211,                0.89189,                0.95368,                0.75142,                0.94211,                0.89189,                0.95931,                0.93645,                 0.8956,                0.74778,                0.04146,                0.56527,                 1.0631,               0.000482,               0.000482,               0.000482
                    117,                0.61054,                0.09479,                0.06946,                0.53684,                0.94524,                 0.9294,                0.88947,                0.95581,                0.75051,                0.98227,                0.89189,                0.96144,                0.94475,                 0.9147,                0.74204,                0.05995,                0.58405,                 1.0507,              0.0004688,              0.0004688,              0.0004688
                    118,                0.63089,                0.11881,                0.09075,                0.54697,                0.94658,                0.98549,                0.91782,                0.97559,                0.75794,                0.95809,                0.91892,                0.96569,                0.90443,                0.93385,                0.71075,                0.04961,                0.54563,                 1.0674,              0.0004556,              0.0004556,              0.0004556
                    119,                0.62578,                0.10237,                0.08365,                0.53691,                0.94479,                0.94358,                0.90541,                0.94758,                0.72978,                0.89591,                0.93047,                0.95288,                0.91298,                0.92776,                0.70348,                0.06659,                 0.5661,                 1.0512,              0.0004424,              0.0004424,              0.0004424
                    120,                0.63259,                0.09515,                0.06878,                0.53948,                0.94272,                 0.9624,                0.87838,                0.96211,                0.74765,                0.95558,                0.87221,                0.95076,                0.93102,                0.90201,                 0.7529,                0.09556,                0.54616,                 1.0187,              0.0004292,              0.0004292,              0.0004292
                    121,                0.63115,                0.08693,                0.07299,                0.54704,                 0.9582,                0.91623,                0.88681,                0.95647,                0.75409,                 0.9312,                0.86486,                0.94641,                0.92204,                0.89364,                0.67991,                0.13072,                0.57546,                 1.0404,               0.000416,               0.000416,               0.000416
                    122,                0.59126,                0.09327,                0.07604,                0.51493,                0.93368,                 0.9248,                0.93243,                 0.9625,                0.75113,                0.91837,                0.90541,                  0.953,                0.92506,                0.90392,                0.60961,                0.10606,                0.56546,                 1.0367,              0.0004028,              0.0004028,              0.0004028
                    123,                0.59526,                0.10541,                0.09256,                 0.5244,                  0.954,                0.97139,                0.91761,                0.97412,                0.74347,                0.93161,                0.93243,                0.95275,                 0.9318,                0.91235,                0.64564,                0.07558,                0.54013,                  1.074,              0.0003896,              0.0003896,              0.0003896
                    124,                0.60227,                0.08938,                0.07172,                 0.5122,                 0.9426,                0.96063,                0.89189,                0.96843,                0.74625,                0.95317,                0.89189,                0.94704,                0.91509,                0.90666,                0.76667,                0.09936,                0.54414,                  1.045,              0.0003764,              0.0003764,              0.0003764
                    125,                0.58671,                0.11754,                0.07809,                  0.518,                0.93452,                0.93137,                0.91691,                0.96305,                0.75431,                0.90855,                0.93982,                0.94095,                0.89943,                 0.8677,                0.80033,                0.07598,                0.52981,                 1.0109,              0.0003632,              0.0003632,              0.0003632
                    126,                0.59077,                0.09198,                0.07059,                  0.495,                0.93511,                0.92792,                0.90541,                0.95616,                0.74419,                0.93141,                 0.9176,                0.95675,                0.93263,                0.90621,                0.59802,                0.05826,                0.53944,                 1.0402,                0.00035,                0.00035,                0.00035
                    127,                0.59015,                0.08509,                0.07363,                 0.5047,                0.93855,                0.93862,                0.90541,                0.95607,                0.75011,                 0.9077,                0.93026,                0.95204,                0.93804,                0.91722,                0.52654,                0.08369,                0.53312,                 1.0374,              0.0003368,              0.0003368,              0.0003368
                    128,                0.59825,                0.10271,                0.07258,                0.52959,                0.93736,                0.93107,                0.91892,                0.96756,                0.75229,                0.95729,                 0.9086,                0.95797,                0.94516,                0.88809,                0.49889,                0.07701,                0.55432,                 1.0244,              0.0003236,              0.0003236,              0.0003236
                    129,                0.58313,                0.08806,                0.05912,                0.50456,                0.93528,                0.93131,                0.91616,                0.95919,                0.75814,                 0.9425,                0.91892,                0.95885,                0.94625,                0.90273,                0.43241,                0.07818,                0.52987,                 1.0104,              0.0003104,              0.0003104,              0.0003104
                    130,                0.58804,                0.09504,                0.07437,                0.52018,                0.94293,                0.92519,                0.91892,                0.95692,                0.74633,                0.93117,                0.93243,                0.95947,                0.92606,                0.90756,                0.52908,                0.06632,                0.56507,                 1.0167,              0.0002972,              0.0002972,              0.0002972
                    131,                0.56424,                0.08646,                0.06496,                0.49131,                0.92652,                0.89639,                0.94595,                 0.9617,                0.75492,                0.92808,                0.91892,                0.95129,                0.92351,                0.90792,                0.55626,                0.06684,                0.55475,                 1.0153,               0.000284,               0.000284,               0.000284
                    132,                0.56787,                0.08002,                0.06876,                0.48873,                0.91868,                0.91875,                0.91892,                0.95052,                0.74543,                0.92991,                0.91892,                0.95807,                0.91965,                0.89746,                0.53422,                0.09268,                0.52645,                 1.0362,              0.0002708,              0.0002708,              0.0002708
                    133,                0.57373,                0.09559,                 0.0719,                 0.5145,                 0.9371,                0.92753,                0.90541,                0.95772,                0.75311,                0.95596,                0.90541,                0.95607,                0.92483,                 0.9037,                0.50652,                0.07741,                0.52144,                 1.0512,              0.0002576,              0.0002576,              0.0002576
                    134,                  0.558,                0.07899,                 0.0671,                0.48383,                 0.9283,                 0.9253,                0.89189,                0.96341,                0.76055,                 0.9392,                0.91892,                0.96282,                0.93351,                0.89076,                0.49002,                0.07466,                0.52456,                 1.0402,              0.0002444,              0.0002444,              0.0002444
                    135,                0.56018,                0.10991,                0.07877,                0.48952,                0.91759,                0.91202,                0.90541,                0.95851,                 0.7591,                0.93939,                0.93243,                0.97038,                0.93531,                0.91722,                0.48891,                0.07237,                0.55726,                 1.0574,              0.0002312,              0.0002312,              0.0002312
                    136,                0.56986,                0.07952,                0.06569,                0.50285,                0.93567,                0.92993,                0.89671,                0.96168,                0.75136,                0.93357,                0.90541,                0.96097,                0.93641,                0.93622,                0.47812,                0.06792,                0.53816,                 1.0336,               0.000218,               0.000218,               0.000218
                    137,                0.54135,                0.10535,                0.06405,                0.47501,                0.91855,                 0.9247,                0.90541,                 0.9543,                0.75893,                0.93163,                0.92073,                0.97039,                 0.9456,                0.90545,                0.42218,                0.06402,                0.52683,                 1.0254,              0.0002048,              0.0002048,              0.0002048
                    138,                0.53515,                0.07649,                0.06309,                0.47145,                0.91861,                0.91861,                0.91521,                0.95737,                0.75811,                0.94432,                0.91672,                0.96957,                0.94297,                0.89863,                0.43182,                0.06269,                0.53198,                  1.037,              0.0001916,              0.0001916,              0.0001916
                    139,                0.55374,                0.09138,                0.06093,                0.47522,                 0.9303,                0.92953,                0.89125,                0.95794,                0.75325,                 0.9582,                0.92947,                0.96302,                0.94191,                0.93596,                0.38622,                0.07557,                0.52979,                 1.0383,              0.0001784,              0.0001784,              0.0001784
                    140,                0.56245,                0.08801,                0.05814,                 0.4724,                0.92956,                0.88068,                0.94595,                0.96027,                0.75638,                0.93306,                0.94187,                0.96303,                0.94609,                0.94145,                0.43898,                 0.0779,                0.53579,                 1.0427,              0.0001652,              0.0001652,              0.0001652
                    141,                0.51445,                0.06587,                0.06004,                0.39804,                0.91129,                0.96122,                0.91892,                0.97249,                0.74571,                0.94011,                0.91892,                0.95191,                0.92483,                0.95104,                0.63517,                0.11393,                0.52938,                 1.0715,               0.000152,               0.000152,               0.000152
                    142,                0.49661,                0.05551,                0.07612,                0.37903,                0.90286,                0.97941,                0.90541,                0.96504,                0.74077,                0.93223,                0.92954,                0.95122,                0.92273,                0.90803,                0.67152,                0.10289,                0.55392,                  1.032,              0.0001388,              0.0001388,              0.0001388
                    143,                 0.4787,                0.04999,                0.05501,                0.36812,                 0.8888,                0.97115,                0.90985,                0.96673,                0.75802,                0.94428,                0.91609,                0.95685,                0.92121,                0.89507,                0.66634,                0.09525,                0.54376,                 1.0466,              0.0001256,              0.0001256,              0.0001256
                    144,                0.47563,                0.06321,                0.05076,                0.37239,                0.90283,                0.96903,                0.89189,                0.95492,                0.75283,                0.93439,                0.91892,                0.95339,                0.92937,                0.92048,                 0.6427,                0.09331,                0.53605,                 1.0513,              0.0001124,              0.0001124,              0.0001124
                    145,                0.46025,                0.04696,                0.04369,                0.36093,                0.89145,                0.96409,                0.89189,                0.96608,                0.76067,                0.94311,                0.91892,                0.94696,                0.92711,                0.86709,                0.57918,                0.09878,                0.52229,                 1.0153,               9.92e-05,               9.92e-05,               9.92e-05
                    146,                0.47082,                0.04885,                0.06367,                0.36597,                0.88688,                  0.968,                0.91892,                0.96694,                0.75621,                 0.9313,                0.91601,                0.94645,                0.92514,                 0.8589,                0.56139,                 0.1028,                0.53243,                 1.0099,                8.6e-05,                8.6e-05,                8.6e-05
                    147,                 0.4729,                 0.0524,                0.06177,                0.37273,                0.89731,                 0.9568,                0.89788,                0.96525,                0.76178,                   0.94,                0.91892,                0.94764,                0.92934,                0.87937,                0.62653,                0.11108,                0.54866,                 1.0193,               7.28e-05,               7.28e-05,               7.28e-05
                    148,                0.43541,                 0.0516,                0.04686,                0.35464,                0.87988,                0.95461,                0.90541,                0.96595,                0.75875,                 0.9315,                0.91887,                0.94695,                0.92983,                0.86473,                0.63349,                0.12724,                0.53864,                 1.0111,               5.96e-05,               5.96e-05,               5.96e-05
                    149,                 0.4509,                0.05956,                0.06337,                0.35582,                0.88729,                0.94318,                0.91892,                0.96759,                0.76904,                0.93143,                0.91787,                 0.9467,                0.93251,                 0.8677,                0.63722,                0.12223,                0.54815,                 1.0116,               4.64e-05,               4.64e-05,               4.64e-05
                    150,                0.46605,                0.04722,                0.05379,                0.36894,                0.89248,                0.94307,                0.91892,                 0.9679,                 0.7644,                0.93099,                0.91892,                0.94836,                0.93182,                0.86609,                0.65276,                0.11591,                0.54924,                 1.0144,               3.32e-05,               3.32e-05,               3.32e-05
